频率(Hz),输出幅值(V)
10.00,0.0000
10.47,0.0000
10.96,0.0000
11.48,0.0000
12.02,0.0000
12.59,0.0000
13.18,0.0000
13.80,0.0000
14.45,0.0000
15.14,0.0000
15.85,0.0000
16.60,0.0000
17.38,0.0000
18.20,0.0000
19.05,0.0000
19.95,0.0000
20.89,0.0000
21.88,0.0000
22.91,0.0000
23.99,0.0000
25.12,0.0000
26.30,0.0000
27.54,0.0000
28.84,0.0000
30.20,0.0000
31.62,0.0000
33.11,0.0000
34.67,0.0000
36.31,0.0000
38.02,0.0000
39.81,0.0000
41.69,0.0000
43.65,0.0000
45.71,0.0000
47.86,0.0000
50.12,0.0000
52.48,0.0000
54.95,0.0000
57.54,0.0000
60.26,0.0000
63.10,0.0000
66.07,0.0000
69.18,0.0000
72.44,0.0000
75.86,0.0000
79.43,0.0000
83.18,0.0000
87.10,0.0000
91.20,0.0000
95.50,0.0000
100.00,0.0000
104.71,0.0000
109.65,0.0000
114.82,0.0000
120.23,0.0000
125.89,0.0000
131.83,0.0000
138.04,0.0000
144.54,0.0000
151.36,0.0000
158.49,0.0000
165.96,0.0000
173.78,0.0000
181.97,0.0000
190.55,0.0000
199.53,0.0000
208.93,0.0000
218.78,0.0000
229.09,0.0000
239.88,0.0000
251.19,0.0000
263.03,0.0000
275.42,0.0000
288.40,0.0000
302.00,0.0000
316.23,0.0000
331.13,0.0000
346.74,0.0000
363.08,0.0000
380.19,0.0000
398.11,0.0000
416.87,0.0000
436.52,0.0000
457.09,0.0000
478.63,0.0000
501.19,0.0000
524.81,0.0000
549.54,0.0000
575.44,0.0000
602.56,0.0000
630.96,0.0000
660.69,0.0000
691.83,0.0000
724.44,0.0000
758.58,0.0000
794.33,0.0000
831.76,0.0000
870.96,0.0000
912.01,0.0000
954.99,0.0000
1000.00,0.0000
1047.13,0.0000
1096.48,0.0000
1148.15,0.0000
1202.26,0.0000
1258.93,0.0000
1318.26,0.0000
1380.38,0.0000
1445.44,0.0000
1513.56,0.0000
1584.89,0.0000
1659.59,0.0000
1737.80,0.0000
1819.70,0.0000
1905.46,0.0000
1995.26,0.0000
2089.30,0.0000
2187.76,0.0000
2290.87,0.0000
2398.83,0.0000
2511.89,0.0000
2630.27,0.0000
2754.23,0.0000
2884.03,0.0000
3019.95,0.0000
3162.28,0.0000
3311.31,0.0000
3467.37,0.0000
3630.78,0.0000
3801.89,0.0000
3981.07,0.0000
4168.69,0.0000
4365.16,0.0000
4570.88,0.0000
4786.30,0.0000
5011.87,0.0000
5248.07,0.0000
5495.41,0.0000
5754.40,0.0000
6025.60,0.0000
6309.57,0.0000
6606.93,0.0000
6918.31,0.0000
7244.36,0.0000
7585.78,0.0000
7943.28,0.0000
8317.64,0.0000
8709.64,0.0000
9120.11,0.0000
9549.93,0.0000
10000.00,0.0000
10471.29,0.0000
10964.78,0.0000
11481.54,0.0000
12022.64,0.0000
12589.25,0.0000
13182.57,0.0000
13803.84,0.0000
14454.40,0.0000
15135.61,0.0000
15848.93,0.0000
16595.87,0.0000
17378.01,0.0000
18197.01,0.0000
19054.61,0.0000
19952.62,0.0000
20892.96,0.0000
21877.62,0.0000
22908.68,0.0000
23988.33,0.0000
25118.86,0.0000
26302.68,0.0000
27542.29,0.0000
28840.32,0.0000
30199.52,0.0000
31622.78,0.0000
33113.11,0.0000
34673.69,0.0000
36307.81,0.0000
38018.94,0.0000
39810.72,0.0000
41686.94,0.0000
43651.58,0.0000
45708.82,0.0000
47863.01,0.0000
50118.72,0.0000
52480.75,0.0000
54954.09,0.0000
57543.99,0.0000
60255.96,0.0000
63095.73,0.0000
66069.34,0.0000
69183.10,0.0000
72443.60,0.0000
75857.76,0.0000
79432.82,0.0000
83176.38,0.0000
87096.36,0.0000
91201.08,0.0000
95499.26,0.0000
100000.00,0.0000
