时间(ms),输入电压(V),输出电压(V)
0.0000,0.0000,0.0000
0.0000,0.0100,0.0000
0.0000,0.0108,0.0000
0.0000,0.0125,0.0000
0.0000,0.0159,0.0000
0.0000,0.0226,0.0000
0.0000,0.0360,0.0000
0.0001,0.0629,0.0000
0.0001,0.1167,0.0000
0.0002,0.2242,0.0000
0.0004,0.4392,0.0001
0.0009,0.8693,0.0004
0.0010,1.0000,0.0005
0.0011,1.0000,0.0006
0.0013,1.0000,0.0008
0.0016,1.0000,0.0011
0.0023,1.0000,0.0018
0.0033,1.0000,0.0028
0.0043,1.0000,0.0038
0.0053,1.0000,0.0048
0.0063,1.0000,0.0058
0.0073,1.0000,0.0068
0.0083,1.0000,0.0078
0.0093,1.0000,0.0088
0.0103,1.0000,0.0097
0.0113,1.0000,0.0107
0.0123,1.0000,0.0117
0.0133,1.0000,0.0127
0.0143,1.0000,0.0137
0.0153,1.0000,0.0147
0.0163,1.0000,0.0157
0.0173,1.0000,0.0167
0.0183,1.0000,0.0176
0.0193,1.0000,0.0186
0.0203,1.0000,0.0196
0.0213,1.0000,0.0206
0.0223,1.0000,0.0216
0.0233,1.0000,0.0225
0.0243,1.0000,0.0235
0.0253,1.0000,0.0245
0.0263,1.0000,0.0255
0.0273,1.0000,0.0264
0.0283,1.0000,0.0274
0.0293,1.0000,0.0284
0.0303,1.0000,0.0294
0.0313,1.0000,0.0303
0.0323,1.0000,0.0313
0.0333,1.0000,0.0323
0.0343,1.0000,0.0332
0.0353,1.0000,0.0342
0.0363,1.0000,0.0352
0.0373,1.0000,0.0361
0.0383,1.0000,0.0371
0.0393,1.0000,0.0380
0.0403,1.0000,0.0390
0.0413,1.0000,0.0400
0.0423,1.0000,0.0409
0.0433,1.0000,0.0419
0.0443,1.0000,0.0428
0.0453,1.0000,0.0438
0.0463,1.0000,0.0448
0.0473,1.0000,0.0457
0.0483,1.0000,0.0467
0.0493,1.0000,0.0476
0.0503,1.0000,0.0486
0.0513,1.0000,0.0495
0.0523,1.0000,0.0505
0.0533,1.0000,0.0514
0.0543,1.0000,0.0524
0.0553,1.0000,0.0533
0.0563,1.0000,0.0543
0.0573,1.0000,0.0552
0.0583,1.0000,0.0562
0.0593,1.0000,0.0571
0.0603,1.0000,0.0580
0.0613,1.0000,0.0590
0.0623,1.0000,0.0599
0.0633,1.0000,0.0609
0.0643,1.0000,0.0618
0.0653,1.0000,0.0627
0.0663,1.0000,0.0637
0.0673,1.0000,0.0646
0.0683,1.0000,0.0655
0.0693,1.0000,0.0665
0.0703,1.0000,0.0674
0.0713,1.0000,0.0683
0.0723,1.0000,0.0693
0.0733,1.0000,0.0702
0.0743,1.0000,0.0711
0.0753,1.0000,0.0721
0.0763,1.0000,0.0730
0.0773,1.0000,0.0739
0.0783,1.0000,0.0748
0.0793,1.0000,0.0758
0.0803,1.0000,0.0767
0.0813,1.0000,0.0776
0.0823,1.0000,0.0785
0.0833,1.0000,0.0795
0.0843,1.0000,0.0804
0.0853,1.0000,0.0813
0.0863,1.0000,0.0822
0.0873,1.0000,0.0831
0.0883,1.0000,0.0840
0.0893,1.0000,0.0850
0.0903,1.0000,0.0859
0.0913,1.0000,0.0868
0.0923,1.0000,0.0877
0.0933,1.0000,0.0886
0.0943,1.0000,0.0895
0.0953,1.0000,0.0904
0.0963,1.0000,0.0913
0.0973,1.0000,0.0923
0.0983,1.0000,0.0932
0.0993,1.0000,0.0941
0.1003,1.0000,0.0950
0.1013,1.0000,0.0959
0.1023,1.0000,0.0968
0.1033,1.0000,0.0977
0.1043,1.0000,0.0986
0.1053,1.0000,0.0995
0.1063,1.0000,0.1004
0.1073,1.0000,0.1013
0.1083,1.0000,0.1022
0.1093,1.0000,0.1031
0.1103,1.0000,0.1040
0.1113,1.0000,0.1049
0.1123,1.0000,0.1058
0.1133,1.0000,0.1067
0.1143,1.0000,0.1076
0.1153,1.0000,0.1084
0.1163,1.0000,0.1093
0.1173,1.0000,0.1102
0.1183,1.0000,0.1111
0.1193,1.0000,0.1120
0.1203,1.0000,0.1129
0.1213,1.0000,0.1138
0.1223,1.0000,0.1147
0.1233,1.0000,0.1156
0.1243,1.0000,0.1164
0.1253,1.0000,0.1173
0.1263,1.0000,0.1182
0.1273,1.0000,0.1191
0.1283,1.0000,0.1200
0.1293,1.0000,0.1208
0.1303,1.0000,0.1217
0.1313,1.0000,0.1226
0.1323,1.0000,0.1235
0.1333,1.0000,0.1244
0.1343,1.0000,0.1252
0.1353,1.0000,0.1261
0.1363,1.0000,0.1270
0.1373,1.0000,0.1278
0.1383,1.0000,0.1287
0.1393,1.0000,0.1296
0.1403,1.0000,0.1305
0.1413,1.0000,0.1313
0.1423,1.0000,0.1322
0.1433,1.0000,0.1331
0.1443,1.0000,0.1339
0.1453,1.0000,0.1348
0.1463,1.0000,0.1357
0.1473,1.0000,0.1365
0.1483,1.0000,0.1374
0.1493,1.0000,0.1383
0.1503,1.0000,0.1391
0.1513,1.0000,0.1400
0.1523,1.0000,0.1408
0.1533,1.0000,0.1417
0.1543,1.0000,0.1425
0.1553,1.0000,0.1434
0.1563,1.0000,0.1443
0.1573,1.0000,0.1451
0.1583,1.0000,0.1460
0.1593,1.0000,0.1468
0.1603,1.0000,0.1477
0.1613,1.0000,0.1485
0.1623,1.0000,0.1494
0.1633,1.0000,0.1502
0.1643,1.0000,0.1511
0.1653,1.0000,0.1519
0.1663,1.0000,0.1528
0.1673,1.0000,0.1536
0.1683,1.0000,0.1545
0.1693,1.0000,0.1553
0.1703,1.0000,0.1562
0.1713,1.0000,0.1570
0.1723,1.0000,0.1578
0.1733,1.0000,0.1587
0.1743,1.0000,0.1595
0.1753,1.0000,0.1604
0.1763,1.0000,0.1612
0.1773,1.0000,0.1620
0.1783,1.0000,0.1629
0.1793,1.0000,0.1637
0.1803,1.0000,0.1646
0.1813,1.0000,0.1654
0.1823,1.0000,0.1662
0.1833,1.0000,0.1671
0.1843,1.0000,0.1679
0.1853,1.0000,0.1687
0.1863,1.0000,0.1696
0.1873,1.0000,0.1704
0.1883,1.0000,0.1712
0.1893,1.0000,0.1720
0.1903,1.0000,0.1729
0.1913,1.0000,0.1737
0.1923,1.0000,0.1745
0.1933,1.0000,0.1753
0.1943,1.0000,0.1762
0.1953,1.0000,0.1770
0.1963,1.0000,0.1778
0.1973,1.0000,0.1786
0.1983,1.0000,0.1795
0.1993,1.0000,0.1803
0.2003,1.0000,0.1811
0.2013,1.0000,0.1819
0.2023,1.0000,0.1827
0.2033,1.0000,0.1836
0.2043,1.0000,0.1844
0.2053,1.0000,0.1852
0.2063,1.0000,0.1860
0.2073,1.0000,0.1868
0.2083,1.0000,0.1876
0.2093,1.0000,0.1884
0.2103,1.0000,0.1892
0.2113,1.0000,0.1901
0.2123,1.0000,0.1909
0.2133,1.0000,0.1917
0.2143,1.0000,0.1925
0.2153,1.0000,0.1933
0.2163,1.0000,0.1941
0.2173,1.0000,0.1949
0.2183,1.0000,0.1957
0.2193,1.0000,0.1965
0.2203,1.0000,0.1973
0.2213,1.0000,0.1981
0.2223,1.0000,0.1989
0.2233,1.0000,0.1997
0.2243,1.0000,0.2005
0.2253,1.0000,0.2013
0.2263,1.0000,0.2021
0.2273,1.0000,0.2029
0.2283,1.0000,0.2037
0.2293,1.0000,0.2045
0.2303,1.0000,0.2053
0.2313,1.0000,0.2061
0.2323,1.0000,0.2069
0.2333,1.0000,0.2077
0.2343,1.0000,0.2085
0.2353,1.0000,0.2093
0.2363,1.0000,0.2101
0.2373,1.0000,0.2108
0.2383,1.0000,0.2116
0.2393,1.0000,0.2124
0.2403,1.0000,0.2132
0.2413,1.0000,0.2140
0.2423,1.0000,0.2148
0.2433,1.0000,0.2156
0.2443,1.0000,0.2163
0.2453,1.0000,0.2171
0.2463,1.0000,0.2179
0.2473,1.0000,0.2187
0.2483,1.0000,0.2195
0.2493,1.0000,0.2203
0.2503,1.0000,0.2210
0.2513,1.0000,0.2218
0.2523,1.0000,0.2226
0.2533,1.0000,0.2234
0.2543,1.0000,0.2241
0.2553,1.0000,0.2249
0.2563,1.0000,0.2257
0.2573,1.0000,0.2265
0.2583,1.0000,0.2272
0.2593,1.0000,0.2280
0.2603,1.0000,0.2288
0.2613,1.0000,0.2296
0.2623,1.0000,0.2303
0.2633,1.0000,0.2311
0.2643,1.0000,0.2319
0.2653,1.0000,0.2326
0.2663,1.0000,0.2334
0.2673,1.0000,0.2342
0.2683,1.0000,0.2349
0.2693,1.0000,0.2357
0.2703,1.0000,0.2365
0.2713,1.0000,0.2372
0.2723,1.0000,0.2380
0.2733,1.0000,0.2387
0.2743,1.0000,0.2395
0.2753,1.0000,0.2403
0.2763,1.0000,0.2410
0.2773,1.0000,0.2418
0.2783,1.0000,0.2425
0.2793,1.0000,0.2433
0.2803,1.0000,0.2441
0.2813,1.0000,0.2448
0.2823,1.0000,0.2456
0.2833,1.0000,0.2463
0.2843,1.0000,0.2471
0.2853,1.0000,0.2478
0.2863,1.0000,0.2486
0.2873,1.0000,0.2493
0.2883,1.0000,0.2501
0.2893,1.0000,0.2508
0.2903,1.0000,0.2516
0.2913,1.0000,0.2523
0.2923,1.0000,0.2531
0.2933,1.0000,0.2538
0.2943,1.0000,0.2546
0.2953,1.0000,0.2553
0.2963,1.0000,0.2561
0.2973,1.0000,0.2568
0.2983,1.0000,0.2575
0.2993,1.0000,0.2583
0.3003,1.0000,0.2590
0.3013,1.0000,0.2598
0.3023,1.0000,0.2605
0.3033,1.0000,0.2612
0.3043,1.0000,0.2620
0.3053,1.0000,0.2627
0.3063,1.0000,0.2635
0.3073,1.0000,0.2642
0.3083,1.0000,0.2649
0.3093,1.0000,0.2657
0.3103,1.0000,0.2664
0.3113,1.0000,0.2671
0.3123,1.0000,0.2679
0.3133,1.0000,0.2686
0.3143,1.0000,0.2693
0.3153,1.0000,0.2701
0.3163,1.0000,0.2708
0.3173,1.0000,0.2715
0.3183,1.0000,0.2722
0.3193,1.0000,0.2730
0.3203,1.0000,0.2737
0.3213,1.0000,0.2744
0.3223,1.0000,0.2751
0.3233,1.0000,0.2759
0.3243,1.0000,0.2766
0.3253,1.0000,0.2773
0.3263,1.0000,0.2780
0.3273,1.0000,0.2788
0.3283,1.0000,0.2795
0.3293,1.0000,0.2802
0.3303,1.0000,0.2809
0.3313,1.0000,0.2816
0.3323,1.0000,0.2824
0.3333,1.0000,0.2831
0.3343,1.0000,0.2838
0.3353,1.0000,0.2845
0.3363,1.0000,0.2852
0.3373,1.0000,0.2859
0.3383,1.0000,0.2867
0.3393,1.0000,0.2874
0.3403,1.0000,0.2881
0.3413,1.0000,0.2888
0.3423,1.0000,0.2895
0.3433,1.0000,0.2902
0.3443,1.0000,0.2909
0.3453,1.0000,0.2916
0.3463,1.0000,0.2923
0.3473,1.0000,0.2930
0.3483,1.0000,0.2938
0.3493,1.0000,0.2945
0.3503,1.0000,0.2952
0.3513,1.0000,0.2959
0.3523,1.0000,0.2966
0.3533,1.0000,0.2973
0.3543,1.0000,0.2980
0.3553,1.0000,0.2987
0.3563,1.0000,0.2994
0.3573,1.0000,0.3001
0.3583,1.0000,0.3008
0.3593,1.0000,0.3015
0.3603,1.0000,0.3022
0.3613,1.0000,0.3029
0.3623,1.0000,0.3036
0.3633,1.0000,0.3043
0.3643,1.0000,0.3050
0.3653,1.0000,0.3057
0.3663,1.0000,0.3064
0.3673,1.0000,0.3070
0.3683,1.0000,0.3077
0.3693,1.0000,0.3084
0.3703,1.0000,0.3091
0.3713,1.0000,0.3098
0.3723,1.0000,0.3105
0.3733,1.0000,0.3112
0.3743,1.0000,0.3119
0.3753,1.0000,0.3126
0.3763,1.0000,0.3133
0.3773,1.0000,0.3139
0.3783,1.0000,0.3146
0.3793,1.0000,0.3153
0.3803,1.0000,0.3160
0.3813,1.0000,0.3167
0.3823,1.0000,0.3174
0.3833,1.0000,0.3180
0.3843,1.0000,0.3187
0.3853,1.0000,0.3194
0.3863,1.0000,0.3201
0.3873,1.0000,0.3208
0.3883,1.0000,0.3214
0.3893,1.0000,0.3221
0.3903,1.0000,0.3228
0.3913,1.0000,0.3235
0.3923,1.0000,0.3242
0.3933,1.0000,0.3248
0.3943,1.0000,0.3255
0.3953,1.0000,0.3262
0.3963,1.0000,0.3269
0.3973,1.0000,0.3275
0.3983,1.0000,0.3282
0.3993,1.0000,0.3289
0.4003,1.0000,0.3295
0.4013,1.0000,0.3302
0.4023,1.0000,0.3309
0.4033,1.0000,0.3315
0.4043,1.0000,0.3322
0.4053,1.0000,0.3329
0.4063,1.0000,0.3336
0.4073,1.0000,0.3342
0.4083,1.0000,0.3349
0.4093,1.0000,0.3355
0.4103,1.0000,0.3362
0.4113,1.0000,0.3369
0.4123,1.0000,0.3375
0.4133,1.0000,0.3382
0.4143,1.0000,0.3389
0.4153,1.0000,0.3395
0.4163,1.0000,0.3402
0.4173,1.0000,0.3408
0.4183,1.0000,0.3415
0.4193,1.0000,0.3422
0.4203,1.0000,0.3428
0.4213,1.0000,0.3435
0.4223,1.0000,0.3441
0.4233,1.0000,0.3448
0.4243,1.0000,0.3454
0.4253,1.0000,0.3461
0.4263,1.0000,0.3467
0.4273,1.0000,0.3474
0.4283,1.0000,0.3481
0.4293,1.0000,0.3487
0.4303,1.0000,0.3494
0.4313,1.0000,0.3500
0.4323,1.0000,0.3507
0.4333,1.0000,0.3513
0.4343,1.0000,0.3520
0.4353,1.0000,0.3526
0.4363,1.0000,0.3532
0.4373,1.0000,0.3539
0.4383,1.0000,0.3545
0.4393,1.0000,0.3552
0.4403,1.0000,0.3558
0.4413,1.0000,0.3565
0.4423,1.0000,0.3571
0.4433,1.0000,0.3578
0.4443,1.0000,0.3584
0.4453,1.0000,0.3590
0.4463,1.0000,0.3597
0.4473,1.0000,0.3603
0.4483,1.0000,0.3610
0.4493,1.0000,0.3616
0.4503,1.0000,0.3622
0.4513,1.0000,0.3629
0.4523,1.0000,0.3635
0.4533,1.0000,0.3641
0.4543,1.0000,0.3648
0.4553,1.0000,0.3654
0.4563,1.0000,0.3661
0.4573,1.0000,0.3667
0.4583,1.0000,0.3673
0.4593,1.0000,0.3680
0.4603,1.0000,0.3686
0.4613,1.0000,0.3692
0.4623,1.0000,0.3698
0.4633,1.0000,0.3705
0.4643,1.0000,0.3711
0.4653,1.0000,0.3717
0.4663,1.0000,0.3724
0.4673,1.0000,0.3730
0.4683,1.0000,0.3736
0.4693,1.0000,0.3742
0.4703,1.0000,0.3749
0.4713,1.0000,0.3755
0.4723,1.0000,0.3761
0.4733,1.0000,0.3767
0.4743,1.0000,0.3774
0.4753,1.0000,0.3780
0.4763,1.0000,0.3786
0.4773,1.0000,0.3792
0.4783,1.0000,0.3798
0.4793,1.0000,0.3805
0.4803,1.0000,0.3811
0.4813,1.0000,0.3817
0.4823,1.0000,0.3823
0.4833,1.0000,0.3829
0.4843,1.0000,0.3836
0.4853,1.0000,0.3842
0.4863,1.0000,0.3848
0.4873,1.0000,0.3854
0.4883,1.0000,0.3860
0.4893,1.0000,0.3866
0.4903,1.0000,0.3872
0.4913,1.0000,0.3879
0.4923,1.0000,0.3885
0.4933,1.0000,0.3891
0.4943,1.0000,0.3897
0.4953,1.0000,0.3903
0.4963,1.0000,0.3909
0.4973,1.0000,0.3915
0.4983,1.0000,0.3921
0.4993,1.0000,0.3927
0.5003,1.0000,0.3933
0.5010,1.0000,0.3938
0.5011,0.9000,0.3938
0.5013,0.7000,0.3939
0.5017,0.3000,0.3939
0.5020,0.0000,0.3939
0.5021,0.0000,0.3938
0.5022,0.0000,0.3938
0.5026,0.0000,0.3937
0.5032,0.0000,0.3934
0.5042,0.0000,0.3930
0.5052,0.0000,0.3926
0.5062,0.0000,0.3922
0.5072,0.0000,0.3918
0.5082,0.0000,0.3914
0.5092,0.0000,0.3910
0.5102,0.0000,0.3907
0.5112,0.0000,0.3903
0.5122,0.0000,0.3899
0.5132,0.0000,0.3895
0.5142,0.0000,0.3891
0.5152,0.0000,0.3887
0.5162,0.0000,0.3883
0.5172,0.0000,0.3879
0.5182,0.0000,0.3875
0.5192,0.0000,0.3872
0.5202,0.0000,0.3868
0.5212,0.0000,0.3864
0.5222,0.0000,0.3860
0.5232,0.0000,0.3856
0.5242,0.0000,0.3852
0.5252,0.0000,0.3848
0.5262,0.0000,0.3845
0.5272,0.0000,0.3841
0.5282,0.0000,0.3837
0.5292,0.0000,0.3833
0.5302,0.0000,0.3829
0.5312,0.0000,0.3825
0.5322,0.0000,0.3822
0.5332,0.0000,0.3818
0.5342,0.0000,0.3814
0.5352,0.0000,0.3810
0.5362,0.0000,0.3806
0.5372,0.0000,0.3803
0.5382,0.0000,0.3799
0.5392,0.0000,0.3795
0.5402,0.0000,0.3791
0.5412,0.0000,0.3787
0.5422,0.0000,0.3784
0.5432,0.0000,0.3780
0.5442,0.0000,0.3776
0.5452,0.0000,0.3772
0.5462,0.0000,0.3768
0.5472,0.0000,0.3765
0.5482,0.0000,0.3761
0.5492,0.0000,0.3757
0.5502,0.0000,0.3753
0.5512,0.0000,0.3750
0.5522,0.0000,0.3746
0.5532,0.0000,0.3742
0.5542,0.0000,0.3738
0.5552,0.0000,0.3735
0.5562,0.0000,0.3731
0.5572,0.0000,0.3727
0.5582,0.0000,0.3723
0.5592,0.0000,0.3720
0.5602,0.0000,0.3716
0.5612,0.0000,0.3712
0.5622,0.0000,0.3709
0.5632,0.0000,0.3705
0.5642,0.0000,0.3701
0.5652,0.0000,0.3698
0.5662,0.0000,0.3694
0.5672,0.0000,0.3690
0.5682,0.0000,0.3686
0.5692,0.0000,0.3683
0.5702,0.0000,0.3679
0.5712,0.0000,0.3675
0.5722,0.0000,0.3672
0.5732,0.0000,0.3668
0.5742,0.0000,0.3664
0.5752,0.0000,0.3661
0.5762,0.0000,0.3657
0.5772,0.0000,0.3653
0.5782,0.0000,0.3650
0.5792,0.0000,0.3646
0.5802,0.0000,0.3642
0.5812,0.0000,0.3639
0.5822,0.0000,0.3635
0.5832,0.0000,0.3632
0.5842,0.0000,0.3628
0.5852,0.0000,0.3624
0.5862,0.0000,0.3621
0.5872,0.0000,0.3617
0.5882,0.0000,0.3613
0.5892,0.0000,0.3610
0.5902,0.0000,0.3606
0.5912,0.0000,0.3603
0.5922,0.0000,0.3599
0.5932,0.0000,0.3595
0.5942,0.0000,0.3592
0.5952,0.0000,0.3588
0.5962,0.0000,0.3585
0.5972,0.0000,0.3581
0.5982,0.0000,0.3577
0.5992,0.0000,0.3574
0.6002,0.0000,0.3570
0.6012,0.0000,0.3567
0.6022,0.0000,0.3563
0.6032,0.0000,0.3560
0.6042,0.0000,0.3556
0.6052,0.0000,0.3553
0.6062,0.0000,0.3549
0.6072,0.0000,0.3545
0.6082,0.0000,0.3542
0.6092,0.0000,0.3538
0.6102,0.0000,0.3535
0.6112,0.0000,0.3531
0.6122,0.0000,0.3528
0.6132,0.0000,0.3524
0.6142,0.0000,0.3521
0.6152,0.0000,0.3517
0.6162,0.0000,0.3514
0.6172,0.0000,0.3510
0.6182,0.0000,0.3507
0.6192,0.0000,0.3503
0.6202,0.0000,0.3500
0.6212,0.0000,0.3496
0.6222,0.0000,0.3493
0.6232,0.0000,0.3489
0.6242,0.0000,0.3486
0.6252,0.0000,0.3482
0.6262,0.0000,0.3479
0.6272,0.0000,0.3475
0.6282,0.0000,0.3472
0.6292,0.0000,0.3468
0.6302,0.0000,0.3465
0.6312,0.0000,0.3461
0.6322,0.0000,0.3458
0.6332,0.0000,0.3454
0.6342,0.0000,0.3451
0.6352,0.0000,0.3448
0.6362,0.0000,0.3444
0.6372,0.0000,0.3441
0.6382,0.0000,0.3437
0.6392,0.0000,0.3434
0.6402,0.0000,0.3430
0.6412,0.0000,0.3427
0.6422,0.0000,0.3423
0.6432,0.0000,0.3420
0.6442,0.0000,0.3417
0.6452,0.0000,0.3413
0.6462,0.0000,0.3410
0.6472,0.0000,0.3406
0.6482,0.0000,0.3403
0.6492,0.0000,0.3400
0.6502,0.0000,0.3396
0.6512,0.0000,0.3393
0.6522,0.0000,0.3389
0.6532,0.0000,0.3386
0.6542,0.0000,0.3383
0.6552,0.0000,0.3379
0.6562,0.0000,0.3376
0.6572,0.0000,0.3373
0.6582,0.0000,0.3369
0.6592,0.0000,0.3366
0.6602,0.0000,0.3362
0.6612,0.0000,0.3359
0.6622,0.0000,0.3356
0.6632,0.0000,0.3352
0.6642,0.0000,0.3349
0.6652,0.0000,0.3346
0.6662,0.0000,0.3342
0.6672,0.0000,0.3339
0.6682,0.0000,0.3336
0.6692,0.0000,0.3332
0.6702,0.0000,0.3329
0.6712,0.0000,0.3326
0.6722,0.0000,0.3322
0.6732,0.0000,0.3319
0.6742,0.0000,0.3316
0.6752,0.0000,0.3312
0.6762,0.0000,0.3309
0.6772,0.0000,0.3306
0.6782,0.0000,0.3302
0.6792,0.0000,0.3299
0.6802,0.0000,0.3296
0.6812,0.0000,0.3293
0.6822,0.0000,0.3289
0.6832,0.0000,0.3286
0.6842,0.0000,0.3283
0.6852,0.0000,0.3279
0.6862,0.0000,0.3276
0.6872,0.0000,0.3273
0.6882,0.0000,0.3270
0.6892,0.0000,0.3266
0.6902,0.0000,0.3263
0.6912,0.0000,0.3260
0.6922,0.0000,0.3257
0.6932,0.0000,0.3253
0.6942,0.0000,0.3250
0.6952,0.0000,0.3247
0.6962,0.0000,0.3244
0.6972,0.0000,0.3240
0.6982,0.0000,0.3237
0.6992,0.0000,0.3234
0.7002,0.0000,0.3231
0.7012,0.0000,0.3227
0.7022,0.0000,0.3224
0.7032,0.0000,0.3221
0.7042,0.0000,0.3218
0.7052,0.0000,0.3214
0.7062,0.0000,0.3211
0.7072,0.0000,0.3208
0.7082,0.0000,0.3205
0.7092,0.0000,0.3202
0.7102,0.0000,0.3198
0.7112,0.0000,0.3195
0.7122,0.0000,0.3192
0.7132,0.0000,0.3189
0.7142,0.0000,0.3186
0.7152,0.0000,0.3182
0.7162,0.0000,0.3179
0.7172,0.0000,0.3176
0.7182,0.0000,0.3173
0.7192,0.0000,0.3170
0.7202,0.0000,0.3167
0.7212,0.0000,0.3163
0.7222,0.0000,0.3160
0.7232,0.0000,0.3157
0.7242,0.0000,0.3154
0.7252,0.0000,0.3151
0.7262,0.0000,0.3148
0.7272,0.0000,0.3145
0.7282,0.0000,0.3141
0.7292,0.0000,0.3138
0.7302,0.0000,0.3135
0.7312,0.0000,0.3132
0.7322,0.0000,0.3129
0.7332,0.0000,0.3126
0.7342,0.0000,0.3123
0.7352,0.0000,0.3119
0.7362,0.0000,0.3116
0.7372,0.0000,0.3113
0.7382,0.0000,0.3110
0.7392,0.0000,0.3107
0.7402,0.0000,0.3104
0.7412,0.0000,0.3101
0.7422,0.0000,0.3098
0.7432,0.0000,0.3095
0.7442,0.0000,0.3092
0.7452,0.0000,0.3088
0.7462,0.0000,0.3085
0.7472,0.0000,0.3082
0.7482,0.0000,0.3079
0.7492,0.0000,0.3076
0.7502,0.0000,0.3073
0.7512,0.0000,0.3070
0.7522,0.0000,0.3067
0.7532,0.0000,0.3064
0.7542,0.0000,0.3061
0.7552,0.0000,0.3058
0.7562,0.0000,0.3055
0.7572,0.0000,0.3052
0.7582,0.0000,0.3049
0.7592,0.0000,0.3045
0.7602,0.0000,0.3042
0.7612,0.0000,0.3039
0.7622,0.0000,0.3036
0.7632,0.0000,0.3033
0.7642,0.0000,0.3030
0.7652,0.0000,0.3027
0.7662,0.0000,0.3024
0.7672,0.0000,0.3021
0.7682,0.0000,0.3018
0.7692,0.0000,0.3015
0.7702,0.0000,0.3012
0.7712,0.0000,0.3009
0.7722,0.0000,0.3006
0.7732,0.0000,0.3003
0.7742,0.0000,0.3000
0.7752,0.0000,0.2997
0.7762,0.0000,0.2994
0.7772,0.0000,0.2991
0.7782,0.0000,0.2988
0.7792,0.0000,0.2985
0.7802,0.0000,0.2982
0.7812,0.0000,0.2979
0.7822,0.0000,0.2976
0.7832,0.0000,0.2973
0.7842,0.0000,0.2970
0.7852,0.0000,0.2967
0.7862,0.0000,0.2964
0.7872,0.0000,0.2961
0.7882,0.0000,0.2958
0.7892,0.0000,0.2955
0.7902,0.0000,0.2953
0.7912,0.0000,0.2950
0.7922,0.0000,0.2947
0.7932,0.0000,0.2944
0.7942,0.0000,0.2941
0.7952,0.0000,0.2938
0.7962,0.0000,0.2935
0.7972,0.0000,0.2932
0.7982,0.0000,0.2929
0.7992,0.0000,0.2926
0.8002,0.0000,0.2923
0.8012,0.0000,0.2920
0.8022,0.0000,0.2917
0.8032,0.0000,0.2914
0.8042,0.0000,0.2911
0.8052,0.0000,0.2909
0.8062,0.0000,0.2906
0.8072,0.0000,0.2903
0.8082,0.0000,0.2900
0.8092,0.0000,0.2897
0.8102,0.0000,0.2894
0.8112,0.0000,0.2891
0.8122,0.0000,0.2888
0.8132,0.0000,0.2885
0.8142,0.0000,0.2883
0.8152,0.0000,0.2880
0.8162,0.0000,0.2877
0.8172,0.0000,0.2874
0.8182,0.0000,0.2871
0.8192,0.0000,0.2868
0.8202,0.0000,0.2865
0.8212,0.0000,0.2862
0.8222,0.0000,0.2860
0.8232,0.0000,0.2857
0.8242,0.0000,0.2854
0.8252,0.0000,0.2851
0.8262,0.0000,0.2848
0.8272,0.0000,0.2845
0.8282,0.0000,0.2842
0.8292,0.0000,0.2840
0.8302,0.0000,0.2837
0.8312,0.0000,0.2834
0.8322,0.0000,0.2831
0.8332,0.0000,0.2828
0.8342,0.0000,0.2825
0.8352,0.0000,0.2823
0.8362,0.0000,0.2820
0.8372,0.0000,0.2817
0.8382,0.0000,0.2814
0.8392,0.0000,0.2811
0.8402,0.0000,0.2809
0.8412,0.0000,0.2806
0.8422,0.0000,0.2803
0.8432,0.0000,0.2800
0.8442,0.0000,0.2797
0.8452,0.0000,0.2795
0.8462,0.0000,0.2792
0.8472,0.0000,0.2789
0.8482,0.0000,0.2786
0.8492,0.0000,0.2783
0.8502,0.0000,0.2781
0.8512,0.0000,0.2778
0.8522,0.0000,0.2775
0.8532,0.0000,0.2772
0.8542,0.0000,0.2769
0.8552,0.0000,0.2767
0.8562,0.0000,0.2764
0.8572,0.0000,0.2761
0.8582,0.0000,0.2758
0.8592,0.0000,0.2756
0.8602,0.0000,0.2753
0.8612,0.0000,0.2750
0.8622,0.0000,0.2747
0.8632,0.0000,0.2745
0.8642,0.0000,0.2742
0.8652,0.0000,0.2739
0.8662,0.0000,0.2736
0.8672,0.0000,0.2734
0.8682,0.0000,0.2731
0.8692,0.0000,0.2728
0.8702,0.0000,0.2726
0.8712,0.0000,0.2723
0.8722,0.0000,0.2720
0.8732,0.0000,0.2717
0.8742,0.0000,0.2715
0.8752,0.0000,0.2712
0.8762,0.0000,0.2709
0.8772,0.0000,0.2707
0.8782,0.0000,0.2704
0.8792,0.0000,0.2701
0.8802,0.0000,0.2698
0.8812,0.0000,0.2696
0.8822,0.0000,0.2693
0.8832,0.0000,0.2690
0.8842,0.0000,0.2688
0.8852,0.0000,0.2685
0.8862,0.0000,0.2682
0.8872,0.0000,0.2680
0.8882,0.0000,0.2677
0.8892,0.0000,0.2674
0.8902,0.0000,0.2672
0.8912,0.0000,0.2669
0.8922,0.0000,0.2666
0.8932,0.0000,0.2664
0.8942,0.0000,0.2661
0.8952,0.0000,0.2658
0.8962,0.0000,0.2656
0.8972,0.0000,0.2653
0.8982,0.0000,0.2650
0.8992,0.0000,0.2648
0.9002,0.0000,0.2645
0.9012,0.0000,0.2642
0.9022,0.0000,0.2640
0.9032,0.0000,0.2637
0.9042,0.0000,0.2634
0.9052,0.0000,0.2632
0.9062,0.0000,0.2629
0.9072,0.0000,0.2627
0.9082,0.0000,0.2624
0.9092,0.0000,0.2621
0.9102,0.0000,0.2619
0.9112,0.0000,0.2616
0.9122,0.0000,0.2613
0.9132,0.0000,0.2611
0.9142,0.0000,0.2608
0.9152,0.0000,0.2606
0.9162,0.0000,0.2603
0.9172,0.0000,0.2600
0.9182,0.0000,0.2598
0.9192,0.0000,0.2595
0.9202,0.0000,0.2593
0.9212,0.0000,0.2590
0.9222,0.0000,0.2587
0.9232,0.0000,0.2585
0.9242,0.0000,0.2582
0.9252,0.0000,0.2580
0.9262,0.0000,0.2577
0.9272,0.0000,0.2575
0.9282,0.0000,0.2572
0.9292,0.0000,0.2569
0.9302,0.0000,0.2567
0.9312,0.0000,0.2564
0.9322,0.0000,0.2562
0.9332,0.0000,0.2559
0.9342,0.0000,0.2557
0.9352,0.0000,0.2554
0.9362,0.0000,0.2551
0.9372,0.0000,0.2549
0.9382,0.0000,0.2546
0.9392,0.0000,0.2544
0.9402,0.0000,0.2541
0.9412,0.0000,0.2539
0.9422,0.0000,0.2536
0.9432,0.0000,0.2534
0.9442,0.0000,0.2531
0.9452,0.0000,0.2529
0.9462,0.0000,0.2526
0.9472,0.0000,0.2524
0.9482,0.0000,0.2521
0.9492,0.0000,0.2518
0.9502,0.0000,0.2516
0.9512,0.0000,0.2513
0.9522,0.0000,0.2511
0.9532,0.0000,0.2508
0.9542,0.0000,0.2506
0.9552,0.0000,0.2503
0.9562,0.0000,0.2501
0.9572,0.0000,0.2498
0.9582,0.0000,0.2496
0.9592,0.0000,0.2493
0.9602,0.0000,0.2491
0.9612,0.0000,0.2488
0.9622,0.0000,0.2486
0.9632,0.0000,0.2483
0.9642,0.0000,0.2481
0.9652,0.0000,0.2479
0.9662,0.0000,0.2476
0.9672,0.0000,0.2474
0.9682,0.0000,0.2471
0.9692,0.0000,0.2469
0.9702,0.0000,0.2466
0.9712,0.0000,0.2464
0.9722,0.0000,0.2461
0.9732,0.0000,0.2459
0.9742,0.0000,0.2456
0.9752,0.0000,0.2454
0.9762,0.0000,0.2451
0.9772,0.0000,0.2449
0.9782,0.0000,0.2447
0.9792,0.0000,0.2444
0.9802,0.0000,0.2442
0.9812,0.0000,0.2439
0.9822,0.0000,0.2437
0.9832,0.0000,0.2434
0.9842,0.0000,0.2432
0.9852,0.0000,0.2429
0.9862,0.0000,0.2427
0.9872,0.0000,0.2425
0.9882,0.0000,0.2422
0.9892,0.0000,0.2420
0.9902,0.0000,0.2417
0.9912,0.0000,0.2415
0.9922,0.0000,0.2412
0.9932,0.0000,0.2410
0.9942,0.0000,0.2408
0.9952,0.0000,0.2405
0.9962,0.0000,0.2403
0.9972,0.0000,0.2400
0.9982,0.0000,0.2398
0.9992,0.0000,0.2396
1.0000,0.0000,0.2394
1.0001,0.1000,0.2394
1.0003,0.3000,0.2394
1.0007,0.7000,0.2395
1.0010,1.0000,0.2396
1.0011,1.0000,0.2397
1.0012,1.0000,0.2398
1.0016,1.0000,0.2401
1.0022,1.0000,0.2406
1.0032,1.0000,0.2413
1.0042,1.0000,0.2421
1.0052,1.0000,0.2428
1.0062,1.0000,0.2436
1.0072,1.0000,0.2443
1.0082,1.0000,0.2451
1.0092,1.0000,0.2458
1.0102,1.0000,0.2466
1.0112,1.0000,0.2474
1.0122,1.0000,0.2481
1.0132,1.0000,0.2489
1.0142,1.0000,0.2496
1.0152,1.0000,0.2504
1.0162,1.0000,0.2511
1.0172,1.0000,0.2519
1.0182,1.0000,0.2526
1.0192,1.0000,0.2534
1.0202,1.0000,0.2541
1.0212,1.0000,0.2548
1.0222,1.0000,0.2556
1.0232,1.0000,0.2563
1.0242,1.0000,0.2571
1.0252,1.0000,0.2578
1.0262,1.0000,0.2586
1.0272,1.0000,0.2593
1.0282,1.0000,0.2600
1.0292,1.0000,0.2608
1.0302,1.0000,0.2615
1.0312,1.0000,0.2623
1.0322,1.0000,0.2630
1.0332,1.0000,0.2637
1.0342,1.0000,0.2645
1.0352,1.0000,0.2652
1.0362,1.0000,0.2659
1.0372,1.0000,0.2667
1.0382,1.0000,0.2674
1.0392,1.0000,0.2681
1.0402,1.0000,0.2689
1.0412,1.0000,0.2696
1.0422,1.0000,0.2703
1.0432,1.0000,0.2711
1.0442,1.0000,0.2718
1.0452,1.0000,0.2725
1.0462,1.0000,0.2732
1.0472,1.0000,0.2740
1.0482,1.0000,0.2747
1.0492,1.0000,0.2754
1.0502,1.0000,0.2761
1.0512,1.0000,0.2769
1.0522,1.0000,0.2776
1.0532,1.0000,0.2783
1.0542,1.0000,0.2790
1.0552,1.0000,0.2798
1.0562,1.0000,0.2805
1.0572,1.0000,0.2812
1.0582,1.0000,0.2819
1.0592,1.0000,0.2826
1.0602,1.0000,0.2833
1.0612,1.0000,0.2841
1.0622,1.0000,0.2848
1.0632,1.0000,0.2855
1.0642,1.0000,0.2862
1.0652,1.0000,0.2869
1.0662,1.0000,0.2876
1.0672,1.0000,0.2883
1.0682,1.0000,0.2891
1.0692,1.0000,0.2898
1.0702,1.0000,0.2905
1.0712,1.0000,0.2912
1.0722,1.0000,0.2919
1.0732,1.0000,0.2926
1.0742,1.0000,0.2933
1.0752,1.0000,0.2940
1.0762,1.0000,0.2947
1.0772,1.0000,0.2954
1.0782,1.0000,0.2961
1.0792,1.0000,0.2968
1.0802,1.0000,0.2975
1.0812,1.0000,0.2982
1.0822,1.0000,0.2989
1.0832,1.0000,0.2996
1.0842,1.0000,0.3003
1.0852,1.0000,0.3010
1.0862,1.0000,0.3017
1.0872,1.0000,0.3024
1.0882,1.0000,0.3031
1.0892,1.0000,0.3038
1.0902,1.0000,0.3045
1.0912,1.0000,0.3052
1.0922,1.0000,0.3059
1.0932,1.0000,0.3066
1.0942,1.0000,0.3073
1.0952,1.0000,0.3080
1.0962,1.0000,0.3087
1.0972,1.0000,0.3094
1.0982,1.0000,0.3101
1.0992,1.0000,0.3108
1.1002,1.0000,0.3114
1.1012,1.0000,0.3121
1.1022,1.0000,0.3128
1.1032,1.0000,0.3135
1.1042,1.0000,0.3142
1.1052,1.0000,0.3149
1.1062,1.0000,0.3156
1.1072,1.0000,0.3163
1.1082,1.0000,0.3169
1.1092,1.0000,0.3176
1.1102,1.0000,0.3183
1.1112,1.0000,0.3190
1.1122,1.0000,0.3197
1.1132,1.0000,0.3203
1.1142,1.0000,0.3210
1.1152,1.0000,0.3217
1.1162,1.0000,0.3224
1.1172,1.0000,0.3231
1.1182,1.0000,0.3237
1.1192,1.0000,0.3244
1.1202,1.0000,0.3251
1.1212,1.0000,0.3258
1.1222,1.0000,0.3264
1.1232,1.0000,0.3271
1.1242,1.0000,0.3278
1.1252,1.0000,0.3284
1.1262,1.0000,0.3291
1.1272,1.0000,0.3298
1.1282,1.0000,0.3305
1.1292,1.0000,0.3311
1.1302,1.0000,0.3318
1.1312,1.0000,0.3325
1.1322,1.0000,0.3331
1.1332,1.0000,0.3338
1.1342,1.0000,0.3345
1.1352,1.0000,0.3351
1.1362,1.0000,0.3358
1.1372,1.0000,0.3365
1.1382,1.0000,0.3371
1.1392,1.0000,0.3378
1.1402,1.0000,0.3384
1.1412,1.0000,0.3391
1.1422,1.0000,0.3398
1.1432,1.0000,0.3404
1.1442,1.0000,0.3411
1.1452,1.0000,0.3417
1.1462,1.0000,0.3424
1.1472,1.0000,0.3431
1.1482,1.0000,0.3437
1.1492,1.0000,0.3444
1.1502,1.0000,0.3450
1.1512,1.0000,0.3457
1.1522,1.0000,0.3463
1.1532,1.0000,0.3470
1.1542,1.0000,0.3476
1.1552,1.0000,0.3483
1.1562,1.0000,0.3489
1.1572,1.0000,0.3496
1.1582,1.0000,0.3502
1.1592,1.0000,0.3509
1.1602,1.0000,0.3515
1.1612,1.0000,0.3522
1.1622,1.0000,0.3528
1.1632,1.0000,0.3535
1.1642,1.0000,0.3541
1.1652,1.0000,0.3548
1.1662,1.0000,0.3554
1.1672,1.0000,0.3561
1.1682,1.0000,0.3567
1.1692,1.0000,0.3574
1.1702,1.0000,0.3580
1.1712,1.0000,0.3586
1.1722,1.0000,0.3593
1.1732,1.0000,0.3599
1.1742,1.0000,0.3606
1.1752,1.0000,0.3612
1.1762,1.0000,0.3618
1.1772,1.0000,0.3625
1.1782,1.0000,0.3631
1.1792,1.0000,0.3637
1.1802,1.0000,0.3644
1.1812,1.0000,0.3650
1.1822,1.0000,0.3657
1.1832,1.0000,0.3663
1.1842,1.0000,0.3669
1.1852,1.0000,0.3676
1.1862,1.0000,0.3682
1.1872,1.0000,0.3688
1.1882,1.0000,0.3695
1.1892,1.0000,0.3701
1.1902,1.0000,0.3707
1.1912,1.0000,0.3713
1.1922,1.0000,0.3720
1.1932,1.0000,0.3726
1.1942,1.0000,0.3732
1.1952,1.0000,0.3738
1.1962,1.0000,0.3745
1.1972,1.0000,0.3751
1.1982,1.0000,0.3757
1.1992,1.0000,0.3763
1.2002,1.0000,0.3770
1.2012,1.0000,0.3776
1.2022,1.0000,0.3782
1.2032,1.0000,0.3788
1.2042,1.0000,0.3795
1.2052,1.0000,0.3801
1.2062,1.0000,0.3807
1.2072,1.0000,0.3813
1.2082,1.0000,0.3819
1.2092,1.0000,0.3826
1.2102,1.0000,0.3832
1.2112,1.0000,0.3838
1.2122,1.0000,0.3844
1.2132,1.0000,0.3850
1.2142,1.0000,0.3856
1.2152,1.0000,0.3862
1.2162,1.0000,0.3869
1.2172,1.0000,0.3875
1.2182,1.0000,0.3881
1.2192,1.0000,0.3887
1.2202,1.0000,0.3893
1.2212,1.0000,0.3899
1.2222,1.0000,0.3905
1.2232,1.0000,0.3911
1.2242,1.0000,0.3917
1.2252,1.0000,0.3924
1.2262,1.0000,0.3930
1.2272,1.0000,0.3936
1.2282,1.0000,0.3942
1.2292,1.0000,0.3948
1.2302,1.0000,0.3954
1.2312,1.0000,0.3960
1.2322,1.0000,0.3966
1.2332,1.0000,0.3972
1.2342,1.0000,0.3978
1.2352,1.0000,0.3984
1.2362,1.0000,0.3990
1.2372,1.0000,0.3996
1.2382,1.0000,0.4002
1.2392,1.0000,0.4008
1.2402,1.0000,0.4014
1.2412,1.0000,0.4020
1.2422,1.0000,0.4026
1.2432,1.0000,0.4032
1.2442,1.0000,0.4038
1.2452,1.0000,0.4044
1.2462,1.0000,0.4050
1.2472,1.0000,0.4056
1.2482,1.0000,0.4062
1.2492,1.0000,0.4068
1.2502,1.0000,0.4074
1.2512,1.0000,0.4079
1.2522,1.0000,0.4085
1.2532,1.0000,0.4091
1.2542,1.0000,0.4097
1.2552,1.0000,0.4103
1.2562,1.0000,0.4109
1.2572,1.0000,0.4115
1.2582,1.0000,0.4121
1.2592,1.0000,0.4127
1.2602,1.0000,0.4133
1.2612,1.0000,0.4138
1.2622,1.0000,0.4144
1.2632,1.0000,0.4150
1.2642,1.0000,0.4156
1.2652,1.0000,0.4162
1.2662,1.0000,0.4168
1.2672,1.0000,0.4173
1.2682,1.0000,0.4179
1.2692,1.0000,0.4185
1.2702,1.0000,0.4191
1.2712,1.0000,0.4197
1.2722,1.0000,0.4203
1.2732,1.0000,0.4208
1.2742,1.0000,0.4214
1.2752,1.0000,0.4220
1.2762,1.0000,0.4226
1.2772,1.0000,0.4231
1.2782,1.0000,0.4237
1.2792,1.0000,0.4243
1.2802,1.0000,0.4249
1.2812,1.0000,0.4254
1.2822,1.0000,0.4260
1.2832,1.0000,0.4266
1.2842,1.0000,0.4272
1.2852,1.0000,0.4277
1.2862,1.0000,0.4283
1.2872,1.0000,0.4289
1.2882,1.0000,0.4295
1.2892,1.0000,0.4300
1.2902,1.0000,0.4306
1.2912,1.0000,0.4312
1.2922,1.0000,0.4317
1.2932,1.0000,0.4323
1.2942,1.0000,0.4329
1.2952,1.0000,0.4334
1.2962,1.0000,0.4340
1.2972,1.0000,0.4346
1.2982,1.0000,0.4351
1.2992,1.0000,0.4357
1.3002,1.0000,0.4363
1.3012,1.0000,0.4368
1.3022,1.0000,0.4374
1.3032,1.0000,0.4379
1.3042,1.0000,0.4385
1.3052,1.0000,0.4391
1.3062,1.0000,0.4396
1.3072,1.0000,0.4402
1.3082,1.0000,0.4408
1.3092,1.0000,0.4413
1.3102,1.0000,0.4419
1.3112,1.0000,0.4424
1.3122,1.0000,0.4430
1.3132,1.0000,0.4435
1.3142,1.0000,0.4441
1.3152,1.0000,0.4447
1.3162,1.0000,0.4452
1.3172,1.0000,0.4458
1.3182,1.0000,0.4463
1.3192,1.0000,0.4469
1.3202,1.0000,0.4474
1.3212,1.0000,0.4480
1.3222,1.0000,0.4485
1.3232,1.0000,0.4491
1.3242,1.0000,0.4496
1.3252,1.0000,0.4502
1.3262,1.0000,0.4507
1.3272,1.0000,0.4513
1.3282,1.0000,0.4518
1.3292,1.0000,0.4524
1.3302,1.0000,0.4529
1.3312,1.0000,0.4535
1.3322,1.0000,0.4540
1.3332,1.0000,0.4546
1.3342,1.0000,0.4551
1.3352,1.0000,0.4557
1.3362,1.0000,0.4562
1.3372,1.0000,0.4567
1.3382,1.0000,0.4573
1.3392,1.0000,0.4578
1.3402,1.0000,0.4584
1.3412,1.0000,0.4589
1.3422,1.0000,0.4594
1.3432,1.0000,0.4600
1.3442,1.0000,0.4605
1.3452,1.0000,0.4611
1.3462,1.0000,0.4616
1.3472,1.0000,0.4621
1.3482,1.0000,0.4627
1.3492,1.0000,0.4632
1.3502,1.0000,0.4638
1.3512,1.0000,0.4643
1.3522,1.0000,0.4648
1.3532,1.0000,0.4654
1.3542,1.0000,0.4659
1.3552,1.0000,0.4664
1.3562,1.0000,0.4670
1.3572,1.0000,0.4675
1.3582,1.0000,0.4680
1.3592,1.0000,0.4686
1.3602,1.0000,0.4691
1.3612,1.0000,0.4696
1.3622,1.0000,0.4702
1.3632,1.0000,0.4707
1.3642,1.0000,0.4712
1.3652,1.0000,0.4717
1.3662,1.0000,0.4723
1.3672,1.0000,0.4728
1.3682,1.0000,0.4733
1.3692,1.0000,0.4738
1.3702,1.0000,0.4744
1.3712,1.0000,0.4749
1.3722,1.0000,0.4754
1.3732,1.0000,0.4759
1.3742,1.0000,0.4765
1.3752,1.0000,0.4770
1.3762,1.0000,0.4775
1.3772,1.0000,0.4780
1.3782,1.0000,0.4786
1.3792,1.0000,0.4791
1.3802,1.0000,0.4796
1.3812,1.0000,0.4801
1.3822,1.0000,0.4806
1.3832,1.0000,0.4812
1.3842,1.0000,0.4817
1.3852,1.0000,0.4822
1.3862,1.0000,0.4827
1.3872,1.0000,0.4832
1.3882,1.0000,0.4837
1.3892,1.0000,0.4843
1.3902,1.0000,0.4848
1.3912,1.0000,0.4853
1.3922,1.0000,0.4858
1.3932,1.0000,0.4863
1.3942,1.0000,0.4868
1.3952,1.0000,0.4874
1.3962,1.0000,0.4879
1.3972,1.0000,0.4884
1.3982,1.0000,0.4889
1.3992,1.0000,0.4894
1.4002,1.0000,0.4899
1.4012,1.0000,0.4904
1.4022,1.0000,0.4909
1.4032,1.0000,0.4914
1.4042,1.0000,0.4919
1.4052,1.0000,0.4925
1.4062,1.0000,0.4930
1.4072,1.0000,0.4935
1.4082,1.0000,0.4940
1.4092,1.0000,0.4945
1.4102,1.0000,0.4950
1.4112,1.0000,0.4955
1.4122,1.0000,0.4960
1.4132,1.0000,0.4965
1.4142,1.0000,0.4970
1.4152,1.0000,0.4975
1.4162,1.0000,0.4980
1.4172,1.0000,0.4985
1.4182,1.0000,0.4990
1.4192,1.0000,0.4995
1.4202,1.0000,0.5000
1.4212,1.0000,0.5005
1.4222,1.0000,0.5010
1.4232,1.0000,0.5015
1.4242,1.0000,0.5020
1.4252,1.0000,0.5025
1.4262,1.0000,0.5030
1.4272,1.0000,0.5035
1.4282,1.0000,0.5040
1.4292,1.0000,0.5045
1.4302,1.0000,0.5050
1.4312,1.0000,0.5055
1.4322,1.0000,0.5060
1.4332,1.0000,0.5065
1.4342,1.0000,0.5070
1.4352,1.0000,0.5075
1.4362,1.0000,0.5079
1.4372,1.0000,0.5084
1.4382,1.0000,0.5089
1.4392,1.0000,0.5094
1.4402,1.0000,0.5099
1.4412,1.0000,0.5104
1.4422,1.0000,0.5109
1.4432,1.0000,0.5114
1.4442,1.0000,0.5119
1.4452,1.0000,0.5124
1.4462,1.0000,0.5128
1.4472,1.0000,0.5133
1.4482,1.0000,0.5138
1.4492,1.0000,0.5143
1.4502,1.0000,0.5148
1.4512,1.0000,0.5153
1.4522,1.0000,0.5158
1.4532,1.0000,0.5162
1.4542,1.0000,0.5167
1.4552,1.0000,0.5172
1.4562,1.0000,0.5177
1.4572,1.0000,0.5182
1.4582,1.0000,0.5187
1.4592,1.0000,0.5191
1.4602,1.0000,0.5196
1.4612,1.0000,0.5201
1.4622,1.0000,0.5206
1.4632,1.0000,0.5211
1.4642,1.0000,0.5215
1.4652,1.0000,0.5220
1.4662,1.0000,0.5225
1.4672,1.0000,0.5230
1.4682,1.0000,0.5234
1.4692,1.0000,0.5239
1.4702,1.0000,0.5244
1.4712,1.0000,0.5249
1.4722,1.0000,0.5253
1.4732,1.0000,0.5258
1.4742,1.0000,0.5263
1.4752,1.0000,0.5268
1.4762,1.0000,0.5272
1.4772,1.0000,0.5277
1.4782,1.0000,0.5282
1.4792,1.0000,0.5287
1.4802,1.0000,0.5291
1.4812,1.0000,0.5296
1.4822,1.0000,0.5301
1.4832,1.0000,0.5305
1.4842,1.0000,0.5310
1.4852,1.0000,0.5315
1.4862,1.0000,0.5319
1.4872,1.0000,0.5324
1.4882,1.0000,0.5329
1.4892,1.0000,0.5333
1.4902,1.0000,0.5338
1.4912,1.0000,0.5343
1.4922,1.0000,0.5347
1.4932,1.0000,0.5352
1.4942,1.0000,0.5357
1.4952,1.0000,0.5361
1.4962,1.0000,0.5366
1.4972,1.0000,0.5371
1.4982,1.0000,0.5375
1.4992,1.0000,0.5380
1.5002,1.0000,0.5384
1.5010,1.0000,0.5388
1.5011,0.9000,0.5389
1.5013,0.7000,0.5389
1.5017,0.3000,0.5389
1.5020,0.0000,0.5388
1.5021,0.0000,0.5387
1.5022,0.0000,0.5386
1.5026,0.0000,0.5385
1.5032,0.0000,0.5381
1.5042,0.0000,0.5376
1.5052,0.0000,0.5371
1.5062,0.0000,0.5365
1.5072,0.0000,0.5360
1.5082,0.0000,0.5354
1.5092,0.0000,0.5349
1.5102,0.0000,0.5344
1.5112,0.0000,0.5338
1.5122,0.0000,0.5333
1.5132,0.0000,0.5328
1.5142,0.0000,0.5322
1.5152,0.0000,0.5317
1.5162,0.0000,0.5312
1.5172,0.0000,0.5306
1.5182,0.0000,0.5301
1.5192,0.0000,0.5296
1.5202,0.0000,0.5291
1.5212,0.0000,0.5285
1.5222,0.0000,0.5280
1.5232,0.0000,0.5275
1.5242,0.0000,0.5269
1.5252,0.0000,0.5264
1.5262,0.0000,0.5259
1.5272,0.0000,0.5254
1.5282,0.0000,0.5248
1.5292,0.0000,0.5243
1.5302,0.0000,0.5238
1.5312,0.0000,0.5233
1.5322,0.0000,0.5227
1.5332,0.0000,0.5222
1.5342,0.0000,0.5217
1.5352,0.0000,0.5212
1.5362,0.0000,0.5207
1.5372,0.0000,0.5201
1.5382,0.0000,0.5196
1.5392,0.0000,0.5191
1.5402,0.0000,0.5186
1.5412,0.0000,0.5181
1.5422,0.0000,0.5175
1.5432,0.0000,0.5170
1.5442,0.0000,0.5165
1.5452,0.0000,0.5160
1.5462,0.0000,0.5155
1.5472,0.0000,0.5150
1.5482,0.0000,0.5144
1.5492,0.0000,0.5139
1.5502,0.0000,0.5134
1.5512,0.0000,0.5129
1.5522,0.0000,0.5124
1.5532,0.0000,0.5119
1.5542,0.0000,0.5114
1.5552,0.0000,0.5109
1.5562,0.0000,0.5104
1.5572,0.0000,0.5098
1.5582,0.0000,0.5093
1.5592,0.0000,0.5088
1.5602,0.0000,0.5083
1.5612,0.0000,0.5078
1.5622,0.0000,0.5073
1.5632,0.0000,0.5068
1.5642,0.0000,0.5063
1.5652,0.0000,0.5058
1.5662,0.0000,0.5053
1.5672,0.0000,0.5048
1.5682,0.0000,0.5043
1.5692,0.0000,0.5038
1.5702,0.0000,0.5033
1.5712,0.0000,0.5028
1.5722,0.0000,0.5022
1.5732,0.0000,0.5017
1.5742,0.0000,0.5012
1.5752,0.0000,0.5007
1.5762,0.0000,0.5002
1.5772,0.0000,0.4997
1.5782,0.0000,0.4992
1.5792,0.0000,0.4987
1.5802,0.0000,0.4982
1.5812,0.0000,0.4977
1.5822,0.0000,0.4973
1.5832,0.0000,0.4968
1.5842,0.0000,0.4963
1.5852,0.0000,0.4958
1.5862,0.0000,0.4953
1.5872,0.0000,0.4948
1.5882,0.0000,0.4943
1.5892,0.0000,0.4938
1.5902,0.0000,0.4933
1.5912,0.0000,0.4928
1.5922,0.0000,0.4923
1.5932,0.0000,0.4918
1.5942,0.0000,0.4913
1.5952,0.0000,0.4908
1.5962,0.0000,0.4903
1.5972,0.0000,0.4898
1.5982,0.0000,0.4894
1.5992,0.0000,0.4889
1.6002,0.0000,0.4884
1.6012,0.0000,0.4879
1.6022,0.0000,0.4874
1.6032,0.0000,0.4869
1.6042,0.0000,0.4864
1.6052,0.0000,0.4859
1.6062,0.0000,0.4855
1.6072,0.0000,0.4850
1.6082,0.0000,0.4845
1.6092,0.0000,0.4840
1.6102,0.0000,0.4835
1.6112,0.0000,0.4830
1.6122,0.0000,0.4826
1.6132,0.0000,0.4821
1.6142,0.0000,0.4816
1.6152,0.0000,0.4811
1.6162,0.0000,0.4806
1.6172,0.0000,0.4801
1.6182,0.0000,0.4797
1.6192,0.0000,0.4792
1.6202,0.0000,0.4787
1.6212,0.0000,0.4782
1.6222,0.0000,0.4778
1.6232,0.0000,0.4773
1.6242,0.0000,0.4768
1.6252,0.0000,0.4763
1.6262,0.0000,0.4758
1.6272,0.0000,0.4754
1.6282,0.0000,0.4749
1.6292,0.0000,0.4744
1.6302,0.0000,0.4739
1.6312,0.0000,0.4735
1.6322,0.0000,0.4730
1.6332,0.0000,0.4725
1.6342,0.0000,0.4721
1.6352,0.0000,0.4716
1.6362,0.0000,0.4711
1.6372,0.0000,0.4706
1.6382,0.0000,0.4702
1.6392,0.0000,0.4697
1.6402,0.0000,0.4692
1.6412,0.0000,0.4688
1.6422,0.0000,0.4683
1.6432,0.0000,0.4678
1.6442,0.0000,0.4674
1.6452,0.0000,0.4669
1.6462,0.0000,0.4664
1.6472,0.0000,0.4660
1.6482,0.0000,0.4655
1.6492,0.0000,0.4650
1.6502,0.0000,0.4646
1.6512,0.0000,0.4641
1.6522,0.0000,0.4636
1.6532,0.0000,0.4632
1.6542,0.0000,0.4627
1.6552,0.0000,0.4622
1.6562,0.0000,0.4618
1.6572,0.0000,0.4613
1.6582,0.0000,0.4609
1.6592,0.0000,0.4604
1.6602,0.0000,0.4599
1.6612,0.0000,0.4595
1.6622,0.0000,0.4590
1.6632,0.0000,0.4586
1.6642,0.0000,0.4581
1.6652,0.0000,0.4576
1.6662,0.0000,0.4572
1.6672,0.0000,0.4567
1.6682,0.0000,0.4563
1.6692,0.0000,0.4558
1.6702,0.0000,0.4554
1.6712,0.0000,0.4549
1.6722,0.0000,0.4545
1.6732,0.0000,0.4540
1.6742,0.0000,0.4535
1.6752,0.0000,0.4531
1.6762,0.0000,0.4526
1.6772,0.0000,0.4522
1.6782,0.0000,0.4517
1.6792,0.0000,0.4513
1.6802,0.0000,0.4508
1.6812,0.0000,0.4504
1.6822,0.0000,0.4499
1.6832,0.0000,0.4495
1.6842,0.0000,0.4490
1.6852,0.0000,0.4486
1.6862,0.0000,0.4481
1.6872,0.0000,0.4477
1.6882,0.0000,0.4472
1.6892,0.0000,0.4468
1.6902,0.0000,0.4463
1.6912,0.0000,0.4459
1.6922,0.0000,0.4455
1.6932,0.0000,0.4450
1.6942,0.0000,0.4446
1.6952,0.0000,0.4441
1.6962,0.0000,0.4437
1.6972,0.0000,0.4432
1.6982,0.0000,0.4428
1.6992,0.0000,0.4423
1.7002,0.0000,0.4419
1.7012,0.0000,0.4415
1.7022,0.0000,0.4410
1.7032,0.0000,0.4406
1.7042,0.0000,0.4401
1.7052,0.0000,0.4397
1.7062,0.0000,0.4393
1.7072,0.0000,0.4388
1.7082,0.0000,0.4384
1.7092,0.0000,0.4379
1.7102,0.0000,0.4375
1.7112,0.0000,0.4371
1.7122,0.0000,0.4366
1.7132,0.0000,0.4362
1.7142,0.0000,0.4358
1.7152,0.0000,0.4353
1.7162,0.0000,0.4349
1.7172,0.0000,0.4345
1.7182,0.0000,0.4340
1.7192,0.0000,0.4336
1.7202,0.0000,0.4332
1.7212,0.0000,0.4327
1.7222,0.0000,0.4323
1.7232,0.0000,0.4319
1.7242,0.0000,0.4314
1.7252,0.0000,0.4310
1.7262,0.0000,0.4306
1.7272,0.0000,0.4301
1.7282,0.0000,0.4297
1.7292,0.0000,0.4293
1.7302,0.0000,0.4288
1.7312,0.0000,0.4284
1.7322,0.0000,0.4280
1.7332,0.0000,0.4276
1.7342,0.0000,0.4271
1.7352,0.0000,0.4267
1.7362,0.0000,0.4263
1.7372,0.0000,0.4259
1.7382,0.0000,0.4254
1.7392,0.0000,0.4250
1.7402,0.0000,0.4246
1.7412,0.0000,0.4242
1.7422,0.0000,0.4237
1.7432,0.0000,0.4233
1.7442,0.0000,0.4229
1.7452,0.0000,0.4225
1.7462,0.0000,0.4220
1.7472,0.0000,0.4216
1.7482,0.0000,0.4212
1.7492,0.0000,0.4208
1.7502,0.0000,0.4204
1.7512,0.0000,0.4199
1.7522,0.0000,0.4195
1.7532,0.0000,0.4191
1.7542,0.0000,0.4187
1.7552,0.0000,0.4183
1.7562,0.0000,0.4178
1.7572,0.0000,0.4174
1.7582,0.0000,0.4170
1.7592,0.0000,0.4166
1.7602,0.0000,0.4162
1.7612,0.0000,0.4158
1.7622,0.0000,0.4153
1.7632,0.0000,0.4149
1.7642,0.0000,0.4145
1.7652,0.0000,0.4141
1.7662,0.0000,0.4137
1.7672,0.0000,0.4133
1.7682,0.0000,0.4129
1.7692,0.0000,0.4124
1.7702,0.0000,0.4120
1.7712,0.0000,0.4116
1.7722,0.0000,0.4112
1.7732,0.0000,0.4108
1.7742,0.0000,0.4104
1.7752,0.0000,0.4100
1.7762,0.0000,0.4096
1.7772,0.0000,0.4092
1.7782,0.0000,0.4087
1.7792,0.0000,0.4083
1.7802,0.0000,0.4079
1.7812,0.0000,0.4075
1.7822,0.0000,0.4071
1.7832,0.0000,0.4067
1.7842,0.0000,0.4063
1.7852,0.0000,0.4059
1.7862,0.0000,0.4055
1.7872,0.0000,0.4051
1.7882,0.0000,0.4047
1.7892,0.0000,0.4043
1.7902,0.0000,0.4039
1.7912,0.0000,0.4035
1.7922,0.0000,0.4031
1.7932,0.0000,0.4027
1.7942,0.0000,0.4023
1.7952,0.0000,0.4019
1.7962,0.0000,0.4015
1.7972,0.0000,0.4011
1.7982,0.0000,0.4007
1.7992,0.0000,0.4003
1.8002,0.0000,0.3999
1.8012,0.0000,0.3995
1.8022,0.0000,0.3991
1.8032,0.0000,0.3987
1.8042,0.0000,0.3983
1.8052,0.0000,0.3979
1.8062,0.0000,0.3975
1.8072,0.0000,0.3971
1.8082,0.0000,0.3967
1.8092,0.0000,0.3963
1.8102,0.0000,0.3959
1.8112,0.0000,0.3955
1.8122,0.0000,0.3951
1.8132,0.0000,0.3947
1.8142,0.0000,0.3943
1.8152,0.0000,0.3939
1.8162,0.0000,0.3935
1.8172,0.0000,0.3931
1.8182,0.0000,0.3927
1.8192,0.0000,0.3923
1.8202,0.0000,0.3919
1.8212,0.0000,0.3915
1.8222,0.0000,0.3912
1.8232,0.0000,0.3908
1.8242,0.0000,0.3904
1.8252,0.0000,0.3900
1.8262,0.0000,0.3896
1.8272,0.0000,0.3892
1.8282,0.0000,0.3888
1.8292,0.0000,0.3884
1.8302,0.0000,0.3880
1.8312,0.0000,0.3876
1.8322,0.0000,0.3873
1.8332,0.0000,0.3869
1.8342,0.0000,0.3865
1.8352,0.0000,0.3861
1.8362,0.0000,0.3857
1.8372,0.0000,0.3853
1.8382,0.0000,0.3849
1.8392,0.0000,0.3846
1.8402,0.0000,0.3842
1.8412,0.0000,0.3838
1.8422,0.0000,0.3834
1.8432,0.0000,0.3830
1.8442,0.0000,0.3826
1.8452,0.0000,0.3823
1.8462,0.0000,0.3819
1.8472,0.0000,0.3815
1.8482,0.0000,0.3811
1.8492,0.0000,0.3807
1.8502,0.0000,0.3804
1.8512,0.0000,0.3800
1.8522,0.0000,0.3796
1.8532,0.0000,0.3792
1.8542,0.0000,0.3788
1.8552,0.0000,0.3785
1.8562,0.0000,0.3781
1.8572,0.0000,0.3777
1.8582,0.0000,0.3773
1.8592,0.0000,0.3769
1.8602,0.0000,0.3766
1.8612,0.0000,0.3762
1.8622,0.0000,0.3758
1.8632,0.0000,0.3754
1.8642,0.0000,0.3751
1.8652,0.0000,0.3747
1.8662,0.0000,0.3743
1.8672,0.0000,0.3739
1.8682,0.0000,0.3736
1.8692,0.0000,0.3732
1.8702,0.0000,0.3728
1.8712,0.0000,0.3724
1.8722,0.0000,0.3721
1.8732,0.0000,0.3717
1.8742,0.0000,0.3713
1.8752,0.0000,0.3710
1.8762,0.0000,0.3706
1.8772,0.0000,0.3702
1.8782,0.0000,0.3698
1.8792,0.0000,0.3695
1.8802,0.0000,0.3691
1.8812,0.0000,0.3687
1.8822,0.0000,0.3684
1.8832,0.0000,0.3680
1.8842,0.0000,0.3676
1.8852,0.0000,0.3673
1.8862,0.0000,0.3669
1.8872,0.0000,0.3665
1.8882,0.0000,0.3662
1.8892,0.0000,0.3658
1.8902,0.0000,0.3654
1.8912,0.0000,0.3651
1.8922,0.0000,0.3647
1.8932,0.0000,0.3643
1.8942,0.0000,0.3640
1.8952,0.0000,0.3636
1.8962,0.0000,0.3633
1.8972,0.0000,0.3629
1.8982,0.0000,0.3625
1.8992,0.0000,0.3622
1.9002,0.0000,0.3618
1.9012,0.0000,0.3614
1.9022,0.0000,0.3611
1.9032,0.0000,0.3607
1.9042,0.0000,0.3604
1.9052,0.0000,0.3600
1.9062,0.0000,0.3596
1.9072,0.0000,0.3593
1.9082,0.0000,0.3589
1.9092,0.0000,0.3586
1.9102,0.0000,0.3582
1.9112,0.0000,0.3578
1.9122,0.0000,0.3575
1.9132,0.0000,0.3571
1.9142,0.0000,0.3568
1.9152,0.0000,0.3564
1.9162,0.0000,0.3561
1.9172,0.0000,0.3557
1.9182,0.0000,0.3553
1.9192,0.0000,0.3550
1.9202,0.0000,0.3546
1.9212,0.0000,0.3543
1.9222,0.0000,0.3539
1.9232,0.0000,0.3536
1.9242,0.0000,0.3532
1.9252,0.0000,0.3529
1.9262,0.0000,0.3525
1.9272,0.0000,0.3522
1.9282,0.0000,0.3518
1.9292,0.0000,0.3515
1.9302,0.0000,0.3511
1.9312,0.0000,0.3508
1.9322,0.0000,0.3504
1.9332,0.0000,0.3501
1.9342,0.0000,0.3497
1.9352,0.0000,0.3494
1.9362,0.0000,0.3490
1.9372,0.0000,0.3487
1.9382,0.0000,0.3483
1.9392,0.0000,0.3480
1.9402,0.0000,0.3476
1.9412,0.0000,0.3473
1.9422,0.0000,0.3469
1.9432,0.0000,0.3466
1.9442,0.0000,0.3462
1.9452,0.0000,0.3459
1.9462,0.0000,0.3455
1.9472,0.0000,0.3452
1.9482,0.0000,0.3448
1.9492,0.0000,0.3445
1.9502,0.0000,0.3442
1.9512,0.0000,0.3438
1.9522,0.0000,0.3435
1.9532,0.0000,0.3431
1.9542,0.0000,0.3428
1.9552,0.0000,0.3424
1.9562,0.0000,0.3421
1.9572,0.0000,0.3418
1.9582,0.0000,0.3414
1.9592,0.0000,0.3411
1.9602,0.0000,0.3407
1.9612,0.0000,0.3404
1.9622,0.0000,0.3401
1.9632,0.0000,0.3397
1.9642,0.0000,0.3394
1.9652,0.0000,0.3390
1.9662,0.0000,0.3387
1.9672,0.0000,0.3384
1.9682,0.0000,0.3380
1.9692,0.0000,0.3377
1.9702,0.0000,0.3373
1.9712,0.0000,0.3370
1.9722,0.0000,0.3367
1.9732,0.0000,0.3363
1.9742,0.0000,0.3360
1.9752,0.0000,0.3357
1.9762,0.0000,0.3353
1.9772,0.0000,0.3350
1.9782,0.0000,0.3347
1.9792,0.0000,0.3343
1.9802,0.0000,0.3340
1.9812,0.0000,0.3337
1.9822,0.0000,0.3333
1.9832,0.0000,0.3330
1.9842,0.0000,0.3327
1.9852,0.0000,0.3323
1.9862,0.0000,0.3320
1.9872,0.0000,0.3317
1.9882,0.0000,0.3313
1.9892,0.0000,0.3310
1.9902,0.0000,0.3307
1.9912,0.0000,0.3303
1.9922,0.0000,0.3300
1.9932,0.0000,0.3297
1.9942,0.0000,0.3293
1.9952,0.0000,0.3290
1.9962,0.0000,0.3287
1.9972,0.0000,0.3284
1.9982,0.0000,0.3280
1.9992,0.0000,0.3277
2.0000,0.0000,0.3274
